ruby-hammer-cli (0.11.0-1) stable; urgency=low

  * 0.11.0 released

 -- Michael Moll <mmoll@mmoll.at>  Fri, 04 Aug 2017 22:00:38 +0200

ruby-hammer-cli (0.10.2-1) stable; urgency=low

  * 0.10.2 released

 -- Michael Moll <mmoll@mmoll.at>  Sat, 06 May 2017 00:40:38 +0200

ruby-hammer-cli (0.10.1-1) stable; urgency=low

  * 0.10.1 released

 -- Michael Moll <mmoll@mmoll.at>  Tue, 25 Apr 2017 22:44:21 +0200

ruby-hammer-cli (0.10.0-1) stable; urgency=low

  * 0.10.0 released

 -- Michael Moll <mmoll@mmoll.at>  Tue, 28 Mar 2017 21:31:12 +0200

ruby-hammer-cli (0.9.0-1) stable; urgency=low

  * 0.9.0 released

 -- Michael Moll <mmoll@mmoll.at>  Mon, 19 Dec 2016 14:35:46 +0100

ruby-hammer-cli (0.8.0-1) stable; urgency=low

  * 0.8.0 released

 -- Michael Moll <mmoll@mmoll.at>  Mon, 05 Sep 2016 23:52:32 +0200

ruby-hammer-cli (0.7.0-1) stable; urgency=low

  * 0.7.0 released

 -- Dominic Cleal <dominic@cleal.org>  Fri, 17 Jun 2016 09:42:36 +0100

ruby-hammer-cli (0.6.1-2) stable; urgency=low

  * install bash completion file

 -- Michael Moll <mmoll@mmoll.at>  Sat, 23 Apr 2016 18:51:44 +0200

ruby-hammer-cli (0.6.1-1) stable; urgency=low

  * 0.6.1 released

 -- Dominic Cleal <dominic@cleal.org>  Tue, 15 Mar 2016 16:18:54 +0000

ruby-hammer-cli (0.5.1-1) stable; urgency=low

  * 0.5.1 released

 -- Tomas Strachota <tstrachota@redhat.com>  Tue, 15 Dec 2015 16:49:58 +0000

ruby-hammer-cli (0.5.0-1) stable; urgency=low

  * 0.5.0 release

 -- Michael Moll <mmoll@mmoll.at>  Mon, 14 Dec 2015 19:59:23 +0100

ruby-hammer-cli (0.4.0-1) stable; urgency=low

  * 0.4.0 release

 -- Michael Moll <mmoll@mmoll.at>  Mon, 21 Sep 2015 23:37:32 +0200

ruby-hammer-cli (0.3.0-1) stable; urgency=low

  * 0.3.0 release

 -- Dominic Cleal <dcleal@redhat.com>  Tue, 04 Aug 2015 09:33:08 +0100

ruby-hammer-cli (0.2.0-1) stable; urgency=low

  * 0.2.0 release

 -- Michael Moll <mmoll@mmoll.at>  Fri, 24 Apr 2015 13:32:35 +0200

ruby-hammer-cli (0.1.4-2) stable; urgency=low

  * Initial release for Debian/jessie

 -- Michael Moll <mmoll@mmoll.at>  Wed, 07 Apr 2015 23:18:53 +0200
